{"id":"5969aeb4204787d6a00d4b3f","name":"testBoard","desc":"","descData":null,"closed":false,"idOrganization":null,"invited":false,"pinned":false,"starred":false,"url":"https://trello.com/b/i6GU6n66/testboard","prefs":{"permissionLevel":"private","voting":"disabled","comments":"members","invitations":"members","selfJoin":false,"cardCovers":true,"cardAging":"regular","calendarFeedEnabled":false,"background":"blue","backgroundImage":null,"backgroundImageScaled":null,"backgroundTile":false,"backgroundBrightness":"dark","backgroundColor":"#0079BF","canBePublic":true,"canBeOrg":true,"canBePrivate":true,"canInvite":true},"invitations":[],"memberships":[{"id":"5969aeb4204787d6a00d4b40","idMember":"56ce43f36bfa2fb83c182d39","memberType":"admin","unconfirmed":false,"deactivated":false},{"id":"596d09c6cc34c02323f1a302","idMember":"582110b062a212c562f57789","memberType":"normal","unconfirmed":false,"deactivated":false}],"shortLink":"i6GU6n66","subscribed":false,"labelNames":{"green":"test","yellow":"","orange":"","red":"Luis","purple":"","blue":"","sky":"","lime":"","pink":"","black":""},"powerUps":[],"dateLastActivity":"2017-07-18T20:48:13.376Z","dateLastView":"2017-07-18T20:57:28.237Z","shortUrl":"https://trello.com/b/i6GU6n66","idTags":[],"datePluginDisable":null,"actions":[{"id":"596e740d20688af70ac5779d","idMemberCreator":"56ce43f36bfa2fb83c182d39","data":{"list":{"name":"research","id":"596a4531a2715604f27dc91b"},"board":{"shortLink":"i6GU6n66","name":"testBoard","id":"5969aeb4204787d6a00d4b3f"},"card":{"shortLink":"NANGKCVq","idShort":7,"name":"trololol","id":"596a4606523601aa2b000ceb","closed":true},"old":{"closed":false}},"type":"updateCard","date":"2017-07-18T20:48:13.380Z","memberCreator":{"id":"56ce43f36bfa2fb83c182d39","avatarHash":null,"fullName":"Ramon Correa","initials":"RC","username":"ramoncorrea2"}},{"id":"596d0dc5867416fdbe14c10d","idMemberCreator":"56ce43f36bfa2fb83c182d39","data":{"board":{"shortLink":"i6GU6n66","name":"testBoard","id":"5969aeb4204787d6a00d4b3f"},"list":{"id":"596a4531a2715604f27dc91b","name":"research"},"old":{"name":"blahhh"}},"type":"updateList","date":"2017-07-17T19:19:33.643Z","memberCreator":{"id":"56ce43f36bfa2fb83c182d39","avatarHash":null,"fullName":"Ramon Correa","initials":"RC","username":"ramoncorrea2"}},{"id":"596d0dc140732f5f9b99027b","idMemberCreator":"56ce43f36bfa2fb83c182d39","data":{"board":{"shortLink":"i6GU6n66","name":"testBoard","id":"5969aeb4204787d6a00d4b3f"},"list":{"id":"5969aeb86b18e8cc55c6bfff","name":"music"},"old":{"name":"blehh"}},"type":"updateList","date":"2017-07-17T19:19:29.282Z","memberCreator":{"id":"56ce43f36bfa2fb83c182d39","avatarHash":null,"fullName":"Ramon Correa","initials":"RC","username":"ramoncorrea2"}},{"id":"596d0a07a99ad2dc57481b96","idMemberCreator":"56ce43f36bfa2fb83c182d39","data":{"board":{"shortLink":"i6GU6n66","name":"testBoard","id":"5969aeb4204787d6a00d4b3f"},"card":{"shortLink":"UtiwC3RF","idShort":4,"name":"Mitochondria","id":"596a454539cdd428b9ff560f"},"idMember":"582110b062a212c562f57789"},"type":"addMemberToCard","date":"2017-07-17T19:03:35.791Z","member":{"id":"582110b062a212c562f57789","avatarHash":null,"fullName":"Elizabeth F","initials":"EF","username":"elizabethf6"},"memberCreator":{"id":"56ce43f36bfa2fb83c182d39","avatarHash":null,"fullName":"Ramon Correa","initials":"RC","username":"ramoncorrea2"}},{"id":"596d09c6cc34c02323f1a303","idMemberCreator":"56ce43f36bfa2fb83c182d39","data":{"board":{"shortLink":"i6GU6n66","name":"testBoard","id":"5969aeb4204787d6a00d4b3f"},"idMemberAdded":"582110b062a212c562f57789","memberType":"normal"},"type":"addMemberToBoard","date":"2017-07-17T19:02:30.954Z","member":{"id":"582110b062a212c562f57789","avatarHash":null,"fullName":"Elizabeth F","initials":"EF","username":"elizabethf6"},"memberCreator":{"id":"56ce43f36bfa2fb83c182d39","avatarHash":null,"fullName":"Ramon Correa","initials":"RC","username":"ramoncorrea2"}},{"id":"596a4606523601aa2b000cec","idMemberCreator":"56ce43f36bfa2fb83c182d39","data":{"board":{"shortLink":"i6GU6n66","name":"testBoard","id":"5969aeb4204787d6a00d4b3f"},"list":{"name":"blahhh","id":"596a4531a2715604f27dc91b"},"card":{"shortLink":"NANGKCVq","idShort":7,"name":"trololol","id":"596a4606523601aa2b000ceb"}},"type":"createCard","date":"2017-07-15T16:42:46.884Z","memberCreator":{"id":"56ce43f36bfa2fb83c182d39","avatarHash":null,"fullName":"Ramon Correa","initials":"RC","username":"ramoncorrea2"}},{"id":"596a457ac9c893206b66db31","idMemberCreator":"56ce43f36bfa2fb83c182d39","data":{"board":{"shortLink":"i6GU6n66","name":"testBoard","id":"5969aeb4204787d6a00d4b3f"},"card":{"shortLink":"UtiwC3RF","idShort":4,"name":"Mitochondria","id":"596a454539cdd428b9ff560f"},"idMember":"56ce43f36bfa2fb83c182d39"},"type":"addMemberToCard","date":"2017-07-15T16:40:26.764Z","member":{"id":"56ce43f36bfa2fb83c182d39","avatarHash":null,"fullName":"Ramon Correa","initials":"RC","username":"ramoncorrea2"},"memberCreator":{"id":"56ce43f36bfa2fb83c182d39","avatarHash":null,"fullName":"Ramon Correa","initials":"RC","username":"ramoncorrea2"}},{"id":"596a4573d3b2aa4d03507c65","idMemberCreator":"56ce43f36bfa2fb83c182d39","data":{"list":{"name":"blahhh","id":"596a4531a2715604f27dc91b"},"board":{"shortLink":"i6GU6n66","name":"testBoard","id":"5969aeb4204787d6a00d4b3f"},"card":{"shortLink":"D7zjmeGj","idShort":6,"name":"is the Powerhouse","id":"596a455ba68191f1e41e6e5f","due":"2017-07-20T16:00:00.000Z"},"old":{"due":null}},"type":"updateCard","date":"2017-07-15T16:40:19.770Z","memberCreator":{"id":"56ce43f36bfa2fb83c182d39","avatarHash":null,"fullName":"Ramon Correa","initials":"RC","username":"ramoncorrea2"}},{"id":"596a456d9e3ec4290ab060c0","idMemberCreator":"56ce43f36bfa2fb83c182d39","data":{"list":{"name":"blahhh","id":"596a4531a2715604f27dc91b"},"board":{"shortLink":"i6GU6n66","name":"testBoard","id":"5969aeb4204787d6a00d4b3f"},"card":{"shortLink":"0vpKaTVa","idShort":5,"name":"of the cell","id":"596a454d6ea58dc71440080b","due":"2017-07-19T16:00:00.000Z"},"old":{"due":null}},"type":"updateCard","date":"2017-07-15T16:40:13.773Z","memberCreator":{"id":"56ce43f36bfa2fb83c182d39","avatarHash":null,"fullName":"Ramon Correa","initials":"RC","username":"ramoncorrea2"}},{"id":"596a4566f08578aaf25ccba4","idMemberCreator":"56ce43f36bfa2fb83c182d39","data":{"list":{"name":"blahhh","id":"596a4531a2715604f27dc91b"},"board":{"shortLink":"i6GU6n66","name":"testBoard","id":"5969aeb4204787d6a00d4b3f"},"card":{"shortLink":"UtiwC3RF","idShort":4,"name":"Mitochondria","id":"596a454539cdd428b9ff560f","due":"2017-07-18T16:00:00.000Z"},"old":{"due":null}},"type":"updateCard","date":"2017-07-15T16:40:06.909Z","memberCreator":{"id":"56ce43f36bfa2fb83c182d39","avatarHash":null,"fullName":"Ramon Correa","initials":"RC","username":"ramoncorrea2"}},{"id":"596a455ba68191f1e41e6e60","idMemberCreator":"56ce43f36bfa2fb83c182d39","data":{"board":{"shortLink":"i6GU6n66","name":"testBoard","id":"5969aeb4204787d6a00d4b3f"},"list":{"name":"blahhh","id":"596a4531a2715604f27dc91b"},"card":{"shortLink":"D7zjmeGj","idShort":6,"name":"is the Powerhouse","id":"596a455ba68191f1e41e6e5f"}},"type":"createCard","date":"2017-07-15T16:39:55.043Z","memberCreator":{"id":"56ce43f36bfa2fb83c182d39","avatarHash":null,"fullName":"Ramon Correa","initials":"RC","username":"ramoncorrea2"}},{"id":"596a454d6ea58dc71440080c","idMemberCreator":"56ce43f36bfa2fb83c182d39","data":{"board":{"shortLink":"i6GU6n66","name":"testBoard","id":"5969aeb4204787d6a00d4b3f"},"list":{"name":"blahhh","id":"596a4531a2715604f27dc91b"},"card":{"shortLink":"0vpKaTVa","idShort":5,"name":"of the cell","id":"596a454d6ea58dc71440080b"}},"type":"createCard","date":"2017-07-15T16:39:41.539Z","memberCreator":{"id":"56ce43f36bfa2fb83c182d39","avatarHash":null,"fullName":"Ramon Correa","initials":"RC","username":"ramoncorrea2"}},{"id":"596a454539cdd428b9ff5610","idMemberCreator":"56ce43f36bfa2fb83c182d39","data":{"board":{"shortLink":"i6GU6n66","name":"testBoard","id":"5969aeb4204787d6a00d4b3f"},"list":{"name":"blahhh","id":"596a4531a2715604f27dc91b"},"card":{"shortLink":"UtiwC3RF","idShort":4,"name":"Mitochondria","id":"596a454539cdd428b9ff560f"}},"type":"createCard","date":"2017-07-15T16:39:33.369Z","memberCreator":{"id":"56ce43f36bfa2fb83c182d39","avatarHash":null,"fullName":"Ramon Correa","initials":"RC","username":"ramoncorrea2"}},{"id":"596a4531a2715604f27dc91c","idMemberCreator":"56ce43f36bfa2fb83c182d39","data":{"board":{"shortLink":"i6GU6n66","name":"testBoard","id":"5969aeb4204787d6a00d4b3f"},"list":{"name":"blahhh","id":"596a4531a2715604f27dc91b"}},"type":"createList","date":"2017-07-15T16:39:13.782Z","memberCreator":{"id":"56ce43f36bfa2fb83c182d39","avatarHash":null,"fullName":"Ramon Correa","initials":"RC","username":"ramoncorrea2"}},{"id":"596a3b8322daa9b798598e79","idMemberCreator":"56ce43f36bfa2fb83c182d39","data":{"board":{"shortLink":"i6GU6n66","name":"testBoard","id":"5969aeb4204787d6a00d4b3f"},"card":{"shortLink":"rBd2Pm5u","idShort":1,"name":"ABC","id":"5969aebed0cf6b0ad9ac61af"},"idMember":"56ce43f36bfa2fb83c182d39"},"type":"addMemberToCard","date":"2017-07-15T15:57:55.558Z","member":{"id":"56ce43f36bfa2fb83c182d39","avatarHash":null,"fullName":"Ramon Correa","initials":"RC","username":"ramoncorrea2"},"memberCreator":{"id":"56ce43f36bfa2fb83c182d39","avatarHash":null,"fullName":"Ramon Correa","initials":"RC","username":"ramoncorrea2"}},{"id":"5969af0a95faa8eaedab7a26","idMemberCreator":"56ce43f36bfa2fb83c182d39","data":{"list":{"name":"blehh","id":"5969aeb86b18e8cc55c6bfff"},"board":{"shortLink":"i6GU6n66","name":"testBoard","id":"5969aeb4204787d6a00d4b3f"},"card":{"shortLink":"jCNUZPUn","idShort":2,"name":"123","id":"5969aec62200da76aa2bd991","due":"2017-07-27T16:00:00.000Z"},"old":{"due":null}},"type":"updateCard","date":"2017-07-15T05:58:34.953Z","memberCreator":{"id":"56ce43f36bfa2fb83c182d39","avatarHash":null,"fullName":"Ramon Correa","initials":"RC","username":"ramoncorrea2"}},{"id":"5969af033248935cf523f06f","idMemberCreator":"56ce43f36bfa2fb83c182d39","data":{"list":{"name":"blehh","id":"5969aeb86b18e8cc55c6bfff"},"board":{"shortLink":"i6GU6n66","name":"testBoard","id":"5969aeb4204787d6a00d4b3f"},"card":{"shortLink":"9On48uNT","idShort":3,"name":"easy as","id":"5969aec86bfdc05d4419bb9a","due":"2017-07-26T16:00:00.000Z"},"old":{"due":null}},"type":"updateCard","date":"2017-07-15T05:58:27.574Z","memberCreator":{"id":"56ce43f36bfa2fb83c182d39","avatarHash":null,"fullName":"Ramon Correa","initials":"RC","username":"ramoncorrea2"}},{"id":"5969aed6293893cbee57bc45","idMemberCreator":"56ce43f36bfa2fb83c182d39","data":{"list":{"name":"blehh","id":"5969aeb86b18e8cc55c6bfff"},"board":{"shortLink":"i6GU6n66","name":"testBoard","id":"5969aeb4204787d6a00d4b3f"},"card":{"shortLink":"rBd2Pm5u","idShort":1,"name":"ABC","id":"5969aebed0cf6b0ad9ac61af","due":"2017-07-25T16:00:00.000Z"},"old":{"due":null}},"type":"updateCard","date":"2017-07-15T05:57:42.440Z","memberCreator":{"id":"56ce43f36bfa2fb83c182d39","avatarHash":null,"fullName":"Ramon Correa","initials":"RC","username":"ramoncorrea2"}},{"id":"5969aec86bfdc05d4419bb9b","idMemberCreator":"56ce43f36bfa2fb83c182d39","data":{"board":{"shortLink":"i6GU6n66","name":"testBoard","id":"5969aeb4204787d6a00d4b3f"},"list":{"name":"blehh","id":"5969aeb86b18e8cc55c6bfff"},"card":{"shortLink":"9On48uNT","idShort":3,"name":"easy as","id":"5969aec86bfdc05d4419bb9a"}},"type":"createCard","date":"2017-07-15T05:57:28.689Z","memberCreator":{"id":"56ce43f36bfa2fb83c182d39","avatarHash":null,"fullName":"Ramon Correa","initials":"RC","username":"ramoncorrea2"}},{"id":"5969aec62200da76aa2bd992","idMemberCreator":"56ce43f36bfa2fb83c182d39","data":{"board":{"shortLink":"i6GU6n66","name":"testBoard","id":"5969aeb4204787d6a00d4b3f"},"list":{"name":"blehh","id":"5969aeb86b18e8cc55c6bfff"},"card":{"shortLink":"jCNUZPUn","idShort":2,"name":"123","id":"5969aec62200da76aa2bd991"}},"type":"createCard","date":"2017-07-15T05:57:26.531Z","memberCreator":{"id":"56ce43f36bfa2fb83c182d39","avatarHash":null,"fullName":"Ramon Correa","initials":"RC","username":"ramoncorrea2"}},{"id":"5969aebed0cf6b0ad9ac61b0","idMemberCreator":"56ce43f36bfa2fb83c182d39","data":{"board":{"shortLink":"i6GU6n66","name":"testBoard","id":"5969aeb4204787d6a00d4b3f"},"list":{"name":"blehh","id":"5969aeb86b18e8cc55c6bfff"},"card":{"shortLink":"rBd2Pm5u","idShort":1,"name":"ABC","id":"5969aebed0cf6b0ad9ac61af"}},"type":"createCard","date":"2017-07-15T05:57:18.622Z","memberCreator":{"id":"56ce43f36bfa2fb83c182d39","avatarHash":null,"fullName":"Ramon Correa","initials":"RC","username":"ramoncorrea2"}},{"id":"5969aeb86b18e8cc55c6c000","idMemberCreator":"56ce43f36bfa2fb83c182d39","data":{"board":{"shortLink":"i6GU6n66","name":"testBoard","id":"5969aeb4204787d6a00d4b3f"},"list":{"name":"blehh","id":"5969aeb86b18e8cc55c6bfff"}},"type":"createList","date":"2017-07-15T05:57:12.747Z","memberCreator":{"id":"56ce43f36bfa2fb83c182d39","avatarHash":null,"fullName":"Ramon Correa","initials":"RC","username":"ramoncorrea2"}},{"id":"5969aeb5204787d6a00d4b41","idMemberCreator":"56ce43f36bfa2fb83c182d39","data":{"board":{"shortLink":"i6GU6n66","name":"testBoard","id":"5969aeb4204787d6a00d4b3f"}},"type":"createBoard","date":"2017-07-15T05:57:09.000Z","memberCreator":{"id":"56ce43f36bfa2fb83c182d39","avatarHash":null,"fullName":"Ramon Correa","initials":"RC","username":"ramoncorrea2"}}],"cards":[{"id":"5969aebed0cf6b0ad9ac61af","checkItemStates":null,"closed":false,"dateLastActivity":"2017-07-15T15:57:55.551Z","desc":"","descData":null,"idBoard":"5969aeb4204787d6a00d4b3f","idList":"5969aeb86b18e8cc55c6bfff","idMembersVoted":[],"idShort":1,"idAttachmentCover":null,"manualCoverAttachment":false,"idLabels":[],"name":"ABC","pos":65535,"shortLink":"rBd2Pm5u","badges":{"votes":0,"viewingMemberVoted":false,"subscribed":true,"fogbugz":"","checkItems":0,"checkItemsChecked":0,"comments":0,"attachments":0,"description":false,"due":"2017-07-25T16:00:00.000Z","dueComplete":false},"dueComplete":false,"due":"2017-07-25T16:00:00.000Z","email":"ramoncorrea2+2lrkrb9q016vfu6ztbt+2okyh81009evcrgq0mn+1oszdfrfvg@boards.trello.com","idChecklists":[],"idMembers":["56ce43f36bfa2fb83c182d39"],"labels":[],"shortUrl":"https://trello.com/c/rBd2Pm5u","subscribed":true,"url":"https://trello.com/c/rBd2Pm5u/1-abc","attachments":[],"pluginData":[]},{"id":"5969aec62200da76aa2bd991","checkItemStates":null,"closed":false,"dateLastActivity":"2017-07-17T18:52:48.340Z","desc":"","descData":null,"idBoard":"5969aeb4204787d6a00d4b3f","idList":"5969aeb86b18e8cc55c6bfff","idMembersVoted":[],"idShort":2,"idAttachmentCover":null,"manualCoverAttachment":false,"idLabels":["596d07671314a33999a96e0c"],"name":"123","pos":131071,"shortLink":"jCNUZPUn","badges":{"votes":0,"viewingMemberVoted":false,"subscribed":false,"fogbugz":"","checkItems":0,"checkItemsChecked":0,"comments":0,"attachments":0,"description":false,"due":"2017-07-27T16:00:00.000Z","dueComplete":false},"dueComplete":false,"due":"2017-07-27T16:00:00.000Z","email":"ramoncorrea2+2lrkrb9q016vfu6ztbt+2okyh8thi6rk9iveett+0iqnqz65ol@boards.trello.com","idChecklists":[],"idMembers":[],"labels":[{"id":"596d07671314a33999a96e0c","idBoard":"5969aeb4204787d6a00d4b3f","name":"BELT","color":null,"uses":2}],"shortUrl":"https://trello.com/c/jCNUZPUn","subscribed":false,"url":"https://trello.com/c/jCNUZPUn/2-123","attachments":[],"pluginData":[]},{"id":"5969aec86bfdc05d4419bb9a","checkItemStates":null,"closed":false,"dateLastActivity":"2017-07-15T05:58:27.571Z","desc":"","descData":null,"idBoard":"5969aeb4204787d6a00d4b3f","idList":"5969aeb86b18e8cc55c6bfff","idMembersVoted":[],"idShort":3,"idAttachmentCover":null,"manualCoverAttachment":false,"idLabels":[],"name":"easy as","pos":196607,"shortLink":"9On48uNT","badges":{"votes":0,"viewingMemberVoted":false,"subscribed":false,"fogbugz":"","checkItems":0,"checkItemsChecked":0,"comments":0,"attachments":0,"description":false,"due":"2017-07-26T16:00:00.000Z","dueComplete":false},"dueComplete":false,"due":"2017-07-26T16:00:00.000Z","email":"ramoncorrea2+2lrkrb9q016vfu6ztbt+2okyh92eb5t8i4khifu+2fhp41pdzy@boards.trello.com","idChecklists":[],"idMembers":[],"labels":[],"shortUrl":"https://trello.com/c/9On48uNT","subscribed":false,"url":"https://trello.com/c/9On48uNT/3-easy-as","attachments":[],"pluginData":[]},{"id":"596a454539cdd428b9ff560f","checkItemStates":null,"closed":false,"dateLastActivity":"2017-07-17T19:03:44.427Z","desc":"","descData":null,"idBoard":"5969aeb4204787d6a00d4b3f","idList":"596a4531a2715604f27dc91b","idMembersVoted":[],"idShort":4,"idAttachmentCover":null,"manualCoverAttachment":false,"idLabels":["5969aeb41314a33999a2813f","5969aeb41314a33999a2813c"],"name":"Mitochondria","pos":65535,"shortLink":"UtiwC3RF","badges":{"votes":0,"viewingMemberVoted":false,"subscribed":true,"fogbugz":"","checkItems":0,"checkItemsChecked":0,"comments":0,"attachments":0,"description":false,"due":"2017-07-18T16:00:00.000Z","dueComplete":false},"dueComplete":false,"due":"2017-07-18T16:00:00.000Z","email":"ramoncorrea2+2lrkrb9q016vfu6ztbt+2ol1oz5ajl95wz71rtb+0jjdgdfug7@boards.trello.com","idChecklists":[],"idMembers":["56ce43f36bfa2fb83c182d39","582110b062a212c562f57789"],"labels":[{"id":"5969aeb41314a33999a2813f","idBoard":"5969aeb4204787d6a00d4b3f","name":"Luis","color":"red","uses":1},{"id":"5969aeb41314a33999a2813c","idBoard":"5969aeb4204787d6a00d4b3f","name":"test","color":"green","uses":1}],"shortUrl":"https://trello.com/c/UtiwC3RF","subscribed":true,"url":"https://trello.com/c/UtiwC3RF/4-mitochondria","attachments":[],"pluginData":[]},{"id":"596a454d6ea58dc71440080b","checkItemStates":null,"closed":false,"dateLastActivity":"2017-07-17T18:52:28.949Z","desc":"","descData":null,"idBoard":"5969aeb4204787d6a00d4b3f","idList":"596a4531a2715604f27dc91b","idMembersVoted":[],"idShort":5,"idAttachmentCover":null,"manualCoverAttachment":false,"idLabels":["596d07561314a33999a96dc3","596d07671314a33999a96e0c"],"name":"of the cell","pos":131071,"shortLink":"0vpKaTVa","badges":{"votes":0,"viewingMemberVoted":false,"subscribed":false,"fogbugz":"","checkItems":0,"checkItemsChecked":0,"comments":0,"attachments":0,"description":false,"due":"2017-07-19T16:00:00.000Z","dueComplete":false},"dueComplete":false,"due":"2017-07-19T16:00:00.000Z","email":"ramoncorrea2+2lrkrb9q016vfu6ztbt+2ol1p018o5s3u0jeosr+2l9jtixy9l@boards.trello.com","idChecklists":[],"idMembers":[],"labels":[{"id":"596d07561314a33999a96dc3","idBoard":"5969aeb4204787d6a00d4b3f","name":"","color":"sky","uses":1},{"id":"596d07671314a33999a96e0c","idBoard":"5969aeb4204787d6a00d4b3f","name":"BELT","color":null,"uses":2}],"shortUrl":"https://trello.com/c/0vpKaTVa","subscribed":false,"url":"https://trello.com/c/0vpKaTVa/5-of-the-cell","attachments":[],"pluginData":[]},{"id":"596a455ba68191f1e41e6e5f","checkItemStates":null,"closed":false,"dateLastActivity":"2017-07-15T16:40:19.767Z","desc":"","descData":null,"idBoard":"5969aeb4204787d6a00d4b3f","idList":"596a4531a2715604f27dc91b","idMembersVoted":[],"idShort":6,"idAttachmentCover":null,"manualCoverAttachment":false,"idLabels":[],"name":"is the Powerhouse","pos":196607,"shortLink":"D7zjmeGj","badges":{"votes":0,"viewingMemberVoted":false,"subscribed":false,"fogbugz":"","checkItems":0,"checkItemsChecked":0,"comments":0,"attachments":0,"description":false,"due":"2017-07-20T16:00:00.000Z","dueComplete":false},"dueComplete":false,"due":"2017-07-20T16:00:00.000Z","email":"ramoncorrea2+2lrkrb9q016vfu6ztbt+2ol1p1klciw8fny8yfz+2lnkomj9js@boards.trello.com","idChecklists":[],"idMembers":[],"labels":[],"shortUrl":"https://trello.com/c/D7zjmeGj","subscribed":false,"url":"https://trello.com/c/D7zjmeGj/6-is-the-powerhouse","attachments":[],"pluginData":[]},{"id":"596a4606523601aa2b000ceb","checkItemStates":null,"closed":true,"dateLastActivity":"2017-07-18T20:48:13.376Z","desc":"","descData":null,"idBoard":"5969aeb4204787d6a00d4b3f","idList":"596a4531a2715604f27dc91b","idMembersVoted":[],"idShort":7,"idAttachmentCover":null,"manualCoverAttachment":false,"idLabels":[],"name":"trololol","pos":262143,"shortLink":"NANGKCVq","badges":{"votes":0,"viewingMemberVoted":false,"subscribed":false,"fogbugz":"","checkItems":0,"checkItemsChecked":0,"comments":0,"attachments":0,"description":false,"due":null,"dueComplete":false},"dueComplete":false,"due":null,"email":"ramoncorrea2+2lrkrb9q016vfu6ztbt+2ol1pk10stozff4cz57+09py2l25y7@boards.trello.com","idChecklists":[],"idMembers":[],"labels":[],"shortUrl":"https://trello.com/c/NANGKCVq","subscribed":false,"url":"https://trello.com/c/NANGKCVq/7-trololol","attachments":[],"pluginData":[]}],"labels":[{"id":"596d07671314a33999a96e0c","idBoard":"5969aeb4204787d6a00d4b3f","name":"BELT","color":null,"uses":2},{"id":"5969aeb41314a33999a2813c","idBoard":"5969aeb4204787d6a00d4b3f","name":"test","color":"green","uses":1},{"id":"5969aeb41314a33999a2813f","idBoard":"5969aeb4204787d6a00d4b3f","name":"Luis","color":"red","uses":1},{"id":"596d07561314a33999a96dc3","idBoard":"5969aeb4204787d6a00d4b3f","name":"","color":"sky","uses":1},{"id":"5969aeb41314a33999a2813e","idBoard":"5969aeb4204787d6a00d4b3f","name":"","color":"orange","uses":0},{"id":"5969aeb41314a33999a2813d","idBoard":"5969aeb4204787d6a00d4b3f","name":"","color":"yellow","uses":0},{"id":"5969aeb41314a33999a28140","idBoard":"5969aeb4204787d6a00d4b3f","name":"","color":"purple","uses":0},{"id":"5969aeb41314a33999a28141","idBoard":"5969aeb4204787d6a00d4b3f","name":"","color":"blue","uses":0}],"lists":[{"id":"5969aeb86b18e8cc55c6bfff","name":"music","closed":false,"idBoard":"5969aeb4204787d6a00d4b3f","pos":65535,"subscribed":false},{"id":"596a4531a2715604f27dc91b","name":"research","closed":false,"idBoard":"5969aeb4204787d6a00d4b3f","pos":131071,"subscribed":false}],"members":[{"id":"582110b062a212c562f57789","avatarHash":null,"bio":"","bioData":null,"confirmed":true,"fullName":"Elizabeth F","idPremOrgsAdmin":[],"initials":"EF","memberType":"normal","products":[],"status":"disconnected","url":"https://trello.com/elizabethf6","username":"elizabethf6"},{"id":"56ce43f36bfa2fb83c182d39","avatarHash":null,"bio":"","bioData":null,"confirmed":true,"fullName":"Ramon Correa","idPremOrgsAdmin":[],"initials":"RC","memberType":"normal","products":[],"status":"disconnected","url":"https://trello.com/ramoncorrea2","username":"ramoncorrea2"}],"checklists":[],"pluginData":[]}